20191216,105413062,763411,5,1.5433496,G10PandaBaseChengdu,360Video,ERP,7680,3840,10s,29.97fps,crf10,136685k,8bit,H265
20191216,104919005,469353,5,2.0893664,G10PandaBaseChengdu,360Video,ERP,7680,3840,10s,29.97fps,QP22,27192k,8bit,H265
20191216,104224881,55230,5,2.01574,G10PandaBaseChengdu,360Video,ERP,7680,3840,10s,29.97fps,QP27,12449k,8bit,H265
20191216,104530971,241320,5,1.6351921,G10PandaBaseChengdu,360Video,ERP,7680,3840,10s,29.97fps,QP32,4958k,8bit,H265
20191216,105301454,691802,3,0.8861708,G10PandaBaseChengdu,360Video,ERP,7680,3840,10s,29.97fps,QP37,2127k,8bit,H265
20191216,104820127,410476,3,1.4347798,G10PandaBaseChengdu,360Video,ERP,7680,3840,10s,29.97fps,QP42,1084k,8bit,H265
20191216,104943254,493602,4,1.3081158,G10PandaBaseChengdu,360Video,ERP,6144,3072,10s,29.97fps,crf10,130031k,8bit,H265
20191216,104251197,81546,5,1.3656211,G10PandaBaseChengdu,360Video,ERP,6144,3072,10s,29.97fps,QP22,22218k,8bit,H265
20191216,105133322,603671,4,1.1942203,G10PandaBaseChengdu,360Video,ERP,6144,3072,10s,29.97fps,QP27,8439k,8bit,H265
20191216,104351391,141740,5,1.6124112,G10PandaBaseChengdu,360Video,ERP,6144,3072,10s,29.97fps,QP32,3199k,8bit,H265
20191216,104541962,252311,4,0.7281326,G10PandaBaseChengdu,360Video,ERP,6144,3072,10s,29.97fps,QP37,1481k,8bit,H265
20191216,105238397,668746,3,1.5290142,G10PandaBaseChengdu,360Video,ERP,6144,3072,10s,29.97fps,QP42,764k,8bit,H265
20191216,104831990,422339,5,1.7401163,G10PandaBaseChengdu,360Video,ERP,4096,2048,10s,29.97fps,crf10,71459k,8bit,H265
20191216,104339529,129878,4,1.8716328,G10PandaBaseChengdu,360Video,ERP,4096,2048,10s,29.97fps,QP22,10859k,8bit,H265
20191216,104808309,398658,3,1.701336,G10PandaBaseChengdu,360Video,ERP,4096,2048,10s,29.97fps,QP27,3988k,8bit,H265
20191216,105020761,531109,3,4.0087837,G10PandaBaseChengdu,360Video,ERP,4096,2048,10s,29.97fps,QP32,1587k,8bit,H265
20191216,104843025,433374,3,0.9014178,G10PandaBaseChengdu,360Video,ERP,4096,2048,10s,29.97fps,QP37,782k,8bit,H265
20191216,104756458,386806,2,1.3180554,G10PandaBaseChengdu,360Video,ERP,4096,2048,10s,29.97fps,QP42,400k,8bit,H265
20191216,104553646,263994,5,1.2323737,G10PandaBaseChengdu,360Video,ERP,3600,1800,10s,29.97fps,crf10,57958k,8bit,H265
20191216,104954814,505162,4,1.4468644,G10PandaBaseChengdu,360Video,ERP,3600,1800,10s,29.97fps,QP22,8661k,8bit,H265
20191216,105146401,616750,3,2.9765678,G10PandaBaseChengdu,360Video,ERP,3600,1800,10s,29.97fps,QP27,3192k,8bit,H265
20191216,105121883,592232,3,1.9208838,G10PandaBaseChengdu,360Video,ERP,3600,1800,10s,29.97fps,QP32,1289k,8bit,H265
20191216,104618610,288958,3,2.175891,G10PandaBaseChengdu,360Video,ERP,3600,1800,10s,29.97fps,QP37,650k,8bit,H265
20191216,105006587,516935,2,1.6567232,G10PandaBaseChengdu,360Video,ERP,3600,1800,10s,29.97fps,QP42,335k,8bit,H265
20191216,105250048,680397,3,1.5933928,G10PandaBaseChengdu,360Video,ERP,2048,1024,10s,29.97fps,crf10,20296k,8bit,H265
20191216,104441991,192339,4,2.2700728,G10PandaBaseChengdu,360Video,ERP,2048,1024,10s,29.97fps,QP22,2760k,8bit,H265
20191216,104656277,326626,2,1.2267292,G10PandaBaseChengdu,360Video,ERP,2048,1024,10s,29.97fps,QP27,1081k,8bit,H265
20191216,104708104,338453,2,1.7755748,G10PandaBaseChengdu,360Video,ERP,2048,1024,10s,29.97fps,QP32,478k,8bit,H265
20191216,104905824,456173,1,1.3159505,G10PandaBaseChengdu,360Video,ERP,2048,1024,10s,29.97fps,QP37,242k,8bit,H265
20191216,104212462,42811,1,2.7191235,G10PandaBaseChengdu,360Video,ERP,2048,1024,10s,29.97fps,QP42,118k,8bit,H265